<mxfile host="app.diagrams.net">
  <diagram name="Lab4 - AI MVP Infrastructure">
    <mxGraphModel dx="1422" dy="794" grid="1" gridSize="10" guides="1" tooltips="1" connect="1" arrows="1" fold="1" page="1" pageScale="1" pageWidth="1100" pageHeight="850">
      <root>
        <mxCell id="0"/>
        <mxCell id="1" parent="0"/>

        <!-- Actor -->
        <mxCell id="actor" value="User" style="shape=umlActor;verticalLabelPosition=bottom;verticalAlign=top;" vertex="1" parent="1">
          <mxGeometry x="500" y="40" width="40" height="80" as="geometry"/>
        </mxCell>

        <!-- Cloud Run -->
        <mxCell id="cloudrun" value="Cloud Run&#10;(Backend API)" style="rounded=1;whiteSpace=wrap;html=1;fillColor=#4285F4;fontColor=#ffffff;" vertex="1" parent="1">
          <mxGeometry x="450" y="180" width="160" height="60" as="geometry"/>
        </mxCell>

        <!-- Cloud Storage -->
        <mxCell id="storage" value="Cloud Storage&#10;(Image Bucket)" style="rounded=1;whiteSpace=wrap;html=1;fillColor=#FBBC04;" vertex="1" parent="1">
          <mxGeometry x="200" y="350" width="180" height="60" as="geometry"/>
        </mxCell>

        <!-- Vision API -->
        <mxCell id="vision" value="Cloud Vision API&#10;(Image Analysis)" style="rounded=1;whiteSpace=wrap;html=1;fillColor=#34A853;fontColor=#ffffff;" vertex="1" parent="1">
          <mxGeometry x="700" y="350" width="200" height="60" as="geometry"/>
        </mxCell>

        <!-- HTTPS Request -->
        <mxCell id="req" value="HTTPS Request&#10;(Upload Image)" style="edgeStyle=orthogonalEdgeStyle;endArrow=block;" edge="1" parent="1" source="actor" target="cloudrun">
          <mxGeometry relative="1" as="geometry"/>
        </mxCell>

        <!-- Save Image -->
        <mxCell id="save" value="Save Image" style="edgeStyle=orthogonalEdgeStyle;endArrow=block;" edge="1" parent="1" source="cloudrun" target="storage">
          <mxGeometry relative="1" as="geometry"/>
        </mxCell>

        <!-- Analyze Image -->
        <mxCell id="analyze" value="Analyze Image" style="edgeStyle=orthogonalEdgeStyle;endArrow=block;" edge="1" parent="1" source="cloudrun" target="vision">
          <mxGeometry relative="1" as="geometry"/>
        </mxCell>

        <!-- JSON Result -->
        <mxCell id="result" value="JSON Result" style="edgeStyle=orthogonalEdgeStyle;endArrow=block;" edge="1" parent="1" source="vision" target="cloudrun">
          <mxGeometry relative="1" as="geometry"/>
        </mxCell>

        <!-- HTTPS Response -->
        <mxCell id="resp" value="HTTPS Response&#10;(Analysis Result)" style="edgeStyle=orthogonalEdgeStyle;endArrow=block;" edge="1" parent="1" source="cloudrun" target="actor">
          <mxGeometry relative="1" as="geometry"/>
        </mxCell>

      </root>
    </mxGraphModel>
  </diagram>
</mxfile>
